{
  "properties": {
    "connectionReferences": {
      "shared_commondataserviceforapps": {
        "runtimeSource": "embedded",
        "connection": {
          "connectionReferenceLogicalName": "new_sharedcommondataserviceforapps_d04e4"
        },
        "api": {
          "name": "shared_commondataserviceforapps"
        }
      },
      "shared_teams": {
        "runtimeSource": "invoker",
        "connection": {
          "connectionReferenceLogicalName": "ya_sharedteams_b9654"
        },
        "api": {
          "name": "shared_teams"
        }
      }
    },
    "definition": {
      "$schema": "https://schema.management.azure.com/providers/Microsoft.Logic/schemas/2016-06-01/workflowdefinition.json#",
      "contentVersion": "1.0.0.0",
      "parameters": {
        "$connections": {
          "defaultValue": {},
          "type": "Object"
        },
        "$authentication": {
          "defaultValue": {},
          "type": "SecureObject"
        }
      },
      "triggers": {
        "manual": {
          "metadata": {
            "operationMetadataId": "f72caa25-a544-44f8-b841-ddfec7ae8da4"
          },
          "type": "Request",
          "kind": "Button",
          "inputs": {
            "schema": {
              "type": "object",
              "properties": {},
              "required": []
            }
          }
        }
      },
      "actions": {
        "変数「発生時刻」を初期化する": {
          "runAfter": {},
          "metadata": {
            "operationMetadataId": "61cb6cdd-8ac6-458c-81bb-303ed15e173e"
          },
          "type": "InitializeVariable",
          "inputs": {
            "variables": [
              {
                "name": "発生時刻",
                "type": "string",
                "value": "2022年04月04日 03時45分頃"
              }
            ]
          }
        },
        "変数「震源地」を初期化する": {
          "runAfter": {
            "変数「発生時刻」を初期化する": [
              "Succeeded"
            ]
          },
          "metadata": {
            "operationMetadataId": "ed84ad1c-948b-47ab-8ccb-ddcf4b39f8c2"
          },
          "type": "InitializeVariable",
          "inputs": {
            "variables": [
              {
                "name": "震源地",
                "type": "string",
                "value": "宮城県南部"
              }
            ]
          }
        },
        "変数「最大震度」を初期化する": {
          "runAfter": {
            "変数「震源地」を初期化する": [
              "Succeeded"
            ]
          },
          "metadata": {
            "operationMetadataId": "4906e23e-40be-4632-b6e3-d965b3b63d78"
          },
          "type": "InitializeVariable",
          "inputs": {
            "variables": [
              {
                "name": "最大震度",
                "type": "string",
                "value": "震度1"
              }
            ]
          }
        },
        "変数「地震情報URL」を初期化する": {
          "runAfter": {
            "変数「最大震度」を初期化する": [
              "Succeeded"
            ]
          },
          "metadata": {
            "operationMetadataId": "28d4e284-a11d-4ad8-bd65-4ddc9b04adfa"
          },
          "type": "InitializeVariable",
          "inputs": {
            "variables": [
              {
                "name": "地震情報URL",
                "type": "string",
                "value": "https://earthquake.tenki.jp/bousai/earthquake/?msclkid=d238e22ab3ad11ecb38b8cae11a64da5"
              }
            ]
          }
        },
        "テンプレート一覧": {
          "runAfter": {
            "変数「地震情報URL」を初期化する": [
              "Succeeded"
            ]
          },
          "metadata": {
            "operationMetadataId": "67773848-9418-4d22-a751-2cbbddad6949"
          },
          "type": "OpenApiConnection",
          "inputs": {
            "host": {
              "connectionName": "shared_commondataserviceforapps",
              "operationId": "ListRecords",
              "apiId": "/providers/Microsoft.PowerApps/apis/shared_commondataserviceforapps"
            },
            "parameters": {
              "entityName": "ya_cardtemplates",
              "$filter": "ya_name eq 'card'"
            },
            "authentication": {
              "type": "Raw",
              "value": "@json(decodeBase64(triggerOutputs().headers['X-MS-APIM-Tokens']))['$ConnectionKey']"
            }
          }
        },
        "変数Messageを初期化する": {
          "runAfter": {
            "テンプレート一覧": [
              "Succeeded"
            ]
          },
          "metadata": {
            "operationMetadataId": "7cbd5d68-8b9f-49fb-b5bb-b993955969ab"
          },
          "type": "InitializeVariable",
          "inputs": {
            "variables": [
              {
                "name": "Message",
                "type": "string",
                "value": "@{first(outputs('テンプレート一覧')?['body/value'])?['ya_message']}"
              }
            ]
          }
        },
        "変数UpdateMessageを初期化する": {
          "runAfter": {
            "変数Messageを初期化する": [
              "Succeeded"
            ]
          },
          "metadata": {
            "operationMetadataId": "21882375-59d3-4d49-87c0-8ab2e43f0ba1"
          },
          "type": "InitializeVariable",
          "inputs": {
            "variables": [
              {
                "name": "UpdateMessage",
                "type": "string",
                "value": "@{first(outputs('テンプレート一覧')?['body/value'])?['ya_updatemessage']}"
              }
            ]
          }
        },
        "Apply_to_each": {
          "foreach": "@outputs('ユーザー一覧')?['body/value']",
          "actions": {
            "アダプティブ_カードを投稿して応答を待機する": {
              "runAfter": {},
              "metadata": {
                "operationMetadataId": "765f9050-6532-45e2-b167-5d96bebc0a93"
              },
              "type": "OpenApiConnectionWebhook",
              "inputs": {
                "host": {
                  "connectionName": "shared_teams",
                  "operationId": "PostCardAndWaitForResponse",
                  "apiId": "/providers/Microsoft.PowerApps/apis/shared_teams"
                },
                "parameters": {
                  "poster": "Flow bot",
                  "location": "Chat with Flow bot",
                  "body/body/messageBody": "@variables('Message')",
                  "body/body/updateMessage": "@variables('UpdateMessage')",
                  "body/body/recipient/to": "@{items('Apply_to_each')?['ya_email']};"
                },
                "authentication": {
                  "type": "Raw",
                  "value": "@json(decodeBase64(triggerOutputs().headers['X-MS-APIM-Tokens']))['$ConnectionKey']"
                }
              }
            },
            "新しい行を追加する": {
              "runAfter": {
                "アダプティブ_カードを投稿して応答を待機する": [
                  "Succeeded"
                ]
              },
              "metadata": {
                "operationMetadataId": "a4bd7d35-8fd9-4893-bc60-4ba3e2b4245d"
              },
              "type": "OpenApiConnection",
              "inputs": {
                "host": {
                  "connectionName": "shared_commondataserviceforapps",
                  "operationId": "CreateRecord",
                  "apiId": "/providers/Microsoft.PowerApps/apis/shared_commondataserviceforapps"
                },
                "parameters": {
                  "entityName": "ya_reports",
                  "item/ya_canattend": "@outputs('アダプティブ_カードを投稿して応答を待機する')?['body/data/can_attend']",
                  "item/ya_details": "@outputs('アダプティブ_カードを投稿して応答を待機する')?['body/data/details']",
                  "item/ya_house": "@outputs('アダプティブ_カードを投稿して応答を待機する')?['body/data/house']",
                  "item/ya_self": "@outputs('アダプティブ_カードを投稿して応答を待機する')?['body/data/self']"
                },
                "authentication": {
                  "type": "Raw",
                  "value": "@json(decodeBase64(triggerOutputs().headers['X-MS-APIM-Tokens']))['$ConnectionKey']"
                }
              }
            }
          },
          "runAfter": {
            "ユーザー一覧": [
              "Succeeded"
            ]
          },
          "metadata": {
            "operationMetadataId": "14415027-8cc1-462c-8074-545198284c0a"
          },
          "type": "Foreach",
          "runtimeConfiguration": {
            "concurrency": {
              "repetitions": 50
            }
          }
        },
        "ユーザー一覧": {
          "runAfter": {
            "変数UpdateMessageを初期化する": [
              "Succeeded"
            ]
          },
          "metadata": {
            "operationMetadataId": "e67b4db4-6ba7-4f29-9558-d3d46d673679"
          },
          "type": "OpenApiConnection",
          "inputs": {
            "host": {
              "connectionName": "shared_commondataserviceforapps",
              "operationId": "ListRecords",
              "apiId": "/providers/Microsoft.PowerApps/apis/shared_commondataserviceforapps"
            },
            "parameters": {
              "entityName": "ya_inohanausers",
              "$select": "ya_email",
              "$filter": "ya_email ne ''"
            },
            "authentication": {
              "type": "Raw",
              "value": "@json(decodeBase64(triggerOutputs().headers['X-MS-APIM-Tokens']))['$ConnectionKey']"
            }
          }
        }
      },
      "outputs": {}
    }
  },
  "schemaVersion": "1.0.0.0"
}